{"sidebar_default":{"search-2":{"title":""},"categories-2":{"title":"","count":0,"hierarchical":0,"dropdown":0},"custom-posts-tabs-2":{"latest":1,"popular":1,"recent":1,"title":"News","number":3},"custom-contact-info-5":{"title":"Contacts","name":"","url":"","email":"example@example.com","phone":"321-752-4650","address":"2301 W. Eau Gallie Blvd., Suite 104 Melbourne, FL 32935 ","city":"","state":"","zip":"","country":"","time":""}},"sidebar_bottom":{"text-2":{"title":"Navigation","text":"<ul>\r\n \t<li><a href=\"http:\/\/children-charity.cmsmasters.net\/children-available-for-adoption\/\">Adoptions<\/a><\/li>\r\n \t<li><a href=\"http:\/\/children-charity.cmsmasters.net\/about-us\/\">About Us<\/a><\/li>\r\n \t<li><a href=\"http:\/\/children-charity.cmsmasters.net\/get-involved\/\">Get Involved<\/a><\/li>\r\n \t<li><a href=\"http:\/\/children-charity.cmsmasters.net\/contact-us\/\">Contact Us<\/a><\/li>\r\n \t<li><a href=\"http:\/\/children-charity.cmsmasters.net\/donate-confirmation\/\">Donate Now<\/a><\/li>\r\n<\/ul>","filter":"content"},"text-3":{"title":"Fundraising","text":"<ul>\r\n  <li><a href=\"http:\/\/children-charity.cmsmasters.net\/2015\/10\/28\/title-8\/\">Foster Care<\/a><\/li>\r\n  <li><a href=\"http:\/\/children-charity.cmsmasters.net\/your-generous-gift-could\/\">Donate<\/a><\/li>\r\n  <li><a href=\"http:\/\/children-charity.cmsmasters.net\/2016\/06\/06\/title-1\/\">Love is Real<\/a><\/li>\r\n  <li><a href=\"http:\/\/children-charity.cmsmasters.net\/event\/title-2\/\">Mothers Day<\/a><\/li>\r\n  <li><a href=\"http:\/\/children-charity.cmsmasters.net\/events\/list\/\">Events<\/a><\/li>\r\n<\/ul>","filter":false},"text-8":{"title":"Socials","text":"<ul>\r\n<li><a href=\"#\">Facebook<\/a><\/li>\r\n<li><a href=\"#\">Twitter<\/a><\/li>\r\n<li><a href=\"#\">YouTube<\/a><\/li>\r\n<li><a href=\"#\">Instagram<\/a><\/li>\r\n<li><a href=\"#\">Snapchat<\/a><\/li>\r\n<\/ul>","filter":true,"visual":true},"text-5":{"title":"","text":"<img src=\"http:\/\/children-charity.cmsmasters.net\/wp-content\/uploads\/2017\/06\/footer-logo.png\" alt=\"Children Charity\" \/>\r\n\r\n2301 W. Eau Gallie Blvd., Suite 104Melbourne, FL 32935\r\n\r\nPhone: 321-752-4650\r\nEmail: <a href=\"mailto:cmsmasters@gmail.com\">example@example.com<\/a>","filter":"content"}},"events-countdown":{"tribe-events-countdown-widget-2":{"title":"","show_seconds":1,"type":"single-event","complete":"Hooray!","event":13766,"event_ID":13766,"event_date":null,"jsonld_enable":1}},"event-list":{"tribe-events-adv-list-widget-2":{"title":"Upcoming Events","limit":"2","no_upcoming_events":false,"featured_events_only":false,"jsonld_enable":1,"venue":"1","country":"1","address":"1","city":"","region":"","zip":"","phone":"","cost":"","organizer":"","tribe_is_list_widget":"","operand":"OR","filters":""}}}